{
  "active_slot_fraction": 1.0,
  "ade": 3.6121707228012383,
  "branch_accuracy": 0.0703125,
  "branch_brier": 0.9389196871779859,
  "branch_confidence": 0.06613147386815399,
  "branch_correct": 0.0703125,
  "branch_ece": 0.004181026131846011,
  "branch_entropy": 2.772016793489456,
  "counterfactual_diversity": 2.913300208747387,
  "effective_branch_count": 12.619419177570935,
  "fde": 6.565000776667148,
  "mean_retention": 1.0,
  "mean_update": 0.00014740152721515187,
  "memory_drift": 7.345154881477356e-05,
  "memory_lifetime": 7.99499860778451,
  "memory_recall": 0.714099716860801,
  "min_ade": 1.1117651922395453,
  "min_fde": 2.0404735513729975,
  "miss": 0.4140625,
  "nll": 22.029707975685596,
  "nll_check": 22.029708862304688,
  "occlusion_persistence": 0.9998900252394378,
  "occlusion_steps": 3.609375,
  "occupancy_brier": 0.24769915314391255,
  "occupancy_iou": 0.2117230267613195,
  "occupancy_soft_iou": 0.17213431920390576,
  "risk_auprc": 0.3447305021765569,
  "risk_auroc": 0.6050637213254035,
  "risk_brier": 0.20444416958169198,
  "risk_ece": 0.10832244376069866,
  "scene_consistency": 0.9999983347952366,
  "tracked_age": 7.974745236337185,
  "tracked_confidence": 0.0034306480374652892,
  "tracked_importance": 0.0043540016740735155,
  "tracked_uncertainty": 0.9947534124366939
}