{
  "active_slot_fraction": 1.0,
  "ade": 2.8413296402432024,
  "branch_accuracy": 1.0,
  "branch_brier": 0.0,
  "branch_confidence": 1.0,
  "branch_correct": 1.0,
  "branch_ece": 0.0,
  "branch_entropy": 0.0,
  "counterfactual_diversity": 0.0,
  "effective_branch_count": 1.0,
  "fde": 5.316286620916799,
  "mean_retention": 0.22458052716683596,
  "mean_update": 0.024547116656322032,
  "memory_drift": 0.3793029086664319,
  "memory_lifetime": 7.1516211070120335,
  "memory_recall": 1.0,
  "min_ade": 2.8413296402432024,
  "min_fde": 5.316286620916799,
  "miss": 0.8828125,
  "nll": 32.827213540673256,
  "nll_check": 32.827213287353516,
  "occlusion_persistence": 0.9978179982863367,
  "occlusion_steps": 3.609375,
  "occupancy_brier": 0.24809150828514248,
  "occupancy_iou": 0.22010370341013186,
  "occupancy_soft_iou": 0.1784084476530552,
  "risk_auprc": 0.3292731045942347,
  "risk_auroc": 0.5910644495691224,
  "risk_brier": 0.19473717293587223,
  "risk_ece": 0.04897316067945212,
  "scene_consistency": 0.9655340178869665,
  "tracked_age": 6.9838880598545074,
  "tracked_confidence": 0.01174133297172375,
  "tracked_importance": 0.01927075898856856,
  "tracked_uncertainty": 1.0
}