{
  "active_slot_fraction": 1.0,
  "ade": 3.1519715732429177,
  "branch_accuracy": 0.234375,
  "branch_brier": 0.7469047829508781,
  "branch_confidence": 0.272364724194631,
  "branch_correct": 0.234375,
  "branch_ece": 0.03798972419463098,
  "branch_entropy": 1.3827307261526585,
  "counterfactual_diversity": 2.5657389611005783,
  "effective_branch_count": 3.883723413358745,
  "fde": 5.8530339119024575,
  "mean_retention": 0.34685288346372545,
  "mean_update": 0.17431342380587012,
  "memory_drift": 0.30411963164806366,
  "memory_lifetime": 3.8135820366442204,
  "memory_recall": 0.0,
  "min_ade": 1.6799504817463458,
  "min_fde": 3.1680564898997545,
  "miss": 0.65625,
  "nll": 28.266973480582237,
  "nll_check": 28.2669734954834,
  "occlusion_persistence": 0.9761507082730532,
  "occlusion_steps": 3.609375,
  "occupancy_brier": 0.24601598212029785,
  "occupancy_iou": 0.21973758219974115,
  "occupancy_soft_iou": 0.17566925392020494,
  "risk_auprc": 0.3367409954585219,
  "risk_auroc": 0.5925767690253672,
  "risk_brier": 0.1998602343305602,
  "risk_ece": 0.08350995089858769,
  "scene_consistency": 0.9642640873789787,
  "tracked_age": 3.714676294475794,
  "tracked_confidence": 0.0792426633706782,
  "tracked_importance": 0.07558938465081155,
  "tracked_uncertainty": 0.3505714146886021
}