{
  "parameters_millions": 0.134611,
  "latency_p50_ms": 84.03758100030245,
  "latency_p95_ms": 104.15091945251332,
  "throughput_samples_s": 188.41862581054562,
  "peak_memory_mb": NaN,
  "benchmark_device": "cpu"
}