{
  "active_slot_fraction": 1.0,
  "ade": 2.977143756346777,
  "branch_accuracy": 0.171875,
  "branch_brier": 0.8674155538901687,
  "branch_confidence": 0.20976482843980193,
  "branch_correct": 0.171875,
  "branch_ece": 0.03788982843980193,
  "branch_entropy": 2.0114346984773874,
  "counterfactual_diversity": 3.6644836347550154,
  "effective_branch_count": 7.57380212700351,
  "fde": 5.5609721436630934,
  "mean_retention": 0.23239862674381584,
  "mean_update": 0.006650137118413113,
  "memory_drift": 0.6688212146982551,
  "memory_lifetime": 7.760965771973133,
  "memory_recall": 1.0,
  "min_ade": 1.2994648998137563,
  "min_fde": 2.3619829860981554,
  "miss": 0.609375,
  "nll": 24.29697798937559,
  "nll_check": 24.296977996826172,
  "occlusion_persistence": 0.9838055954314768,
  "occlusion_steps": 3.609375,
  "occupancy_brier": 0.24468326312489808,
  "occupancy_iou": 0.21606343903113157,
  "occupancy_soft_iou": 0.17725493374746293,
  "risk_auprc": 0.33295537431381605,
  "risk_auroc": 0.598579924748149,
  "risk_brier": 0.1987770549394109,
  "risk_ece": 0.0677495524287224,
  "scene_consistency": 0.9450088175944984,
  "tracked_age": 7.74036942794919,
  "tracked_confidence": 0.005024124311603373,
  "tracked_importance": 0.005833681410877034,
  "tracked_uncertainty": 1.0
}