{
  "active_slot_fraction": 1.0,
  "ade": 2.831543286330998,
  "branch_accuracy": 0.0703125,
  "branch_brier": 0.9271187596023083,
  "branch_confidence": 0.1246556886471808,
  "branch_correct": 0.0703125,
  "branch_ece": 0.054343188647180796,
  "branch_entropy": 2.6901970840990543,
  "counterfactual_diversity": 3.856053015217185,
  "effective_branch_count": 12.915459391658965,
  "fde": 5.2981817598920316,
  "mean_retention": 0.0,
  "mean_update": 0.012345839066256303,
  "memory_drift": 0.001832425594329834,
  "memory_lifetime": 7.566738806664944,
  "memory_recall": 1.0,
  "min_ade": 0.9941695972811431,
  "min_fde": 1.9046076548984274,
  "miss": 0.4140625,
  "nll": 21.67684586532414,
  "nll_check": 21.676847457885742,
  "occlusion_persistence": 0.9992242059670389,
  "occlusion_steps": 3.609375,
  "occupancy_brier": 0.24418672919273376,
  "occupancy_iou": 0.2126975319115445,
  "occupancy_soft_iou": 0.1792510017985478,
  "risk_auprc": 0.32272719331420263,
  "risk_auroc": 0.5834373103531982,
  "risk_brier": 0.19899586464221833,
  "risk_ece": 0.06259676814079285,
  "scene_consistency": 0.9994905949570239,
  "tracked_age": 7.547626860439777,
  "tracked_confidence": 0.008555292759410804,
  "tracked_importance": 0.00911563279805705,
  "tracked_uncertainty": 1.0
}