{
  "active_slot_fraction": 1.0,
  "ade": 2.89898638962768,
  "branch_accuracy": 0.078125,
  "branch_brier": 0.9270326779223979,
  "branch_confidence": 0.11857208190485835,
  "branch_correct": 0.078125,
  "branch_ece": 0.04044708190485835,
  "branch_entropy": 2.6686657406389713,
  "counterfactual_diversity": 4.006599742919207,
  "effective_branch_count": 12.720534851646079,
  "fde": 5.43240393511951,
  "mean_retention": 0.4807625636458397,
  "mean_update": 0.0037814112329215277,
  "memory_drift": 0.8189779273234308,
  "memory_lifetime": 7.8642563708126545,
  "memory_recall": 1.0,
  "min_ade": 1.0602677299175411,
  "min_fde": 1.9150341659551486,
  "miss": 0.3984375,
  "nll": 22.776357799768448,
  "nll_check": 22.776357650756836,
  "occlusion_persistence": 0.9016044703312218,
  "occlusion_steps": 3.609375,
  "occupancy_brier": 0.24370615789666772,
  "occupancy_iou": 0.21129821706563234,
  "occupancy_soft_iou": 0.17842510237824172,
  "risk_auprc": 0.3381493301761939,
  "risk_auroc": 0.5932346158514382,
  "risk_brier": 0.20209023608702503,
  "risk_ece": 0.08639584481716159,
  "scene_consistency": 0.9695652201771736,
  "tracked_age": 7.8387615494430065,
  "tracked_confidence": 0.0035574634093791246,
  "tracked_importance": 0.005935525896347826,
  "tracked_uncertainty": 1.0
}